Contact Numbers,Enquiry,Webinar Registration,Webinar Attendance,Councelling,Payment
704879567,12/7/2024,,,,
704875789,12/5/2024,12/14/2024,,,
604872011,12/5/2024,,,,
604868234,12/3/2024,12/8/2024,12/9/2024,12/14/2024,12/16/2024
604864456,12/6/2024,,,,
604860678,12/3/2024,,,,
608569009,12/6/2024,,,,
601468768,12/4/2024,,,,
605065450,12/6/2024,,,,
705154432,12/1/2024,12/10/2024,,,
705158209,12/4/2024,,,,
605161987,12/1/2024,12/8/2024,12/9/2024,,
705165765,12/1/2024,,,,
705169543,12/4/2024,12/7/2024,12/8/2024,,
605173320,12/7/2024,12/8/2024,,,
605177098,12/6/2024,12/12/2024,,,
605180876,12/7/2024,12/10/2024,12/11/2024,12/18/2024,
605184653,12/3/2024,12/20/2024,12/21/2024,12/22/2024,12/24/2024
601518843,12/7/2024,,,,
705192209,12/7/2024,12/11/2024,,,
601609869,12/1/2024,12/16/2024,12/17/2024,,
702851994,12/3/2024,,,,
603752035,12/1/2024,12/3/2024,,,
604652073,12/3/2024,12/12/2024,,,
605552110,12/1/2024,,,,
606452148,12/6/2024,12/16/2024,,,
707352186,12/2/2024,,,,
625222431,12/2/2024,12/13/2024,12/14/2024,12/15/2024,
709152262,12/2/2024,12/12/2024,,,
600052299,12/1/2024,12/7/2024,,,
700952337,12/4/2024,,,,
701852375,12/6/2024,12/7/2024,12/8/2024,12/16/2024,
602752413,12/1/2024,,,,
603652450,12/2/2024,,,,
704552488,12/1/2024,,,,
605452526,12/2/2024,,,,
706352564,12/3/2024,,,,
607252602,12/2/2024,12/13/2024,,,
608152639,12/2/2024,12/10/2024,12/11/2024,12/18/2024,12/22/2024
709052677,12/1/2024,,,,
795271541,12/7/2024,,,,
600852753,12/2/2024,12/12/2024,12/13/2024,12/14/2024,12/16/2024
701752790,12/3/2024,,,,
702652828,12/3/2024,12/18/2024,,,
603552866,12/5/2024,12/11/2024,,,
604452904,12/3/2024,,,,
605352942,12/1/2024,12/2/2024,,,
606252979,12/6/2024,12/14/2024,,,
707153017,12/3/2024,12/4/2024,12/5/2024,12/13/2024,
608053055,12/5/2024,,,,
708953093,12/1/2024,12/10/2024,12/11/2024,12/14/2024,
709853130,12/1/2024,,,,
600753168,12/4/2024,,,,
701653206,12/3/2024,12/12/2024,,,
702553244,12/3/2024,,,,
603453282,12/2/2024,,,,
604353319,12/1/2024,12/3/2024,,,
605253357,12/6/2024,,,,
606150033,12/4/2024,,,,
607053433,12/1/2024,12/7/2024,12/8/2024,8/12/2024,
607953470,12/2/2024,12/8/2024,12/9/2024,12/13/2024,12/14/2024
608853508,12/3/2024,12/4/2024,12/5/2024,10/12/2024,12/12/2024
609753546,12/2/2024,,,,
600653584,12/5/2024,12/8/2024,12/9/2024,12/18/2024,12/21/2024
701553622,12/7/2024,12/16/2024,12/17/2024,12/23/2024,
702453659,12/1/2024,,,,
603353697,12/3/2024,,,,
604253735,12/2/2024,,,,
705153773,12/2/2024,,,,
706053810,12/2/2024,12/17/2024,,,
606953848,12/2/2024,,,,
707853886,12/3/2024,12/19/2024,12/20/2024,12/20/2024,12/25/2024
708753924,12/2/2024,12/4/2024,12/5/2024,11/12/2024,
709653962,12/6/2024,,,,
700553999,12/3/2024,12/5/2024,,,
701454037,12/2/2024,12/16/2024,,,
702354075,12/2/2024,,,,
603254113,12/3/2024,12/20/2024,,,
604154150,12/3/2024,12/8/2024,12/9/2024,12/13/2024,12/15/2024
705054188,12/2/2024,12/4/2024,,,
605954226,12/3/2024,12/12/2024,12/13/2024,,
606854264,12/3/2024,,,,
607007502,12/3/2024,12/17/2024,12/18/2024,,
708654339,12/1/2024,,,,
609554377,12/5/2024,,,,
600454415,12/3/2024,,,,
701354453,12/6/2024,12/11/2024,12/12/2024,12/15/2024,12/17/2024
602254490,12/3/2024,12/16/2024,12/17/2024,12/17/2024,
603154528,12/1/2024,12/14/2024,,,
604054566,12/5/2024,,,,
704954604,12/1/2024,,,,
705854642,12/5/2024,12/10/2024,12/11/2024,12/15/2024,12/21/2024
706754679,12/3/2024,,,,
607654717,12/2/2024,,,,
708554755,12/6/2024,12/7/2024,12/8/2024,12/13/2024,
709454793,12/5/2024,12/8/2024,12/9/2024,12/15/2024,12/17/2024
700354830,12/3/2024,,,,
601254868,12/4/2024,12/14/2024,,,
602154906,12/3/2024,,,,
603054944,12/3/2024,12/19/2024,12/20/2024,12/21/2024,12/22/2024
703954982,12/3/2024,,,,
704855019,12/1/2024,,,,
605755057,12/3/2024,12/19/2024,,,
665005095,12/5/2024,12/14/2024,12/15/2024,,
607555133,12/1/2024,,,,
708455170,12/1/2024,,,,
609355208,12/2/2024,12/3/2024,12/4/2024,,
700255246,12/2/2024,,,,
701155284,12/4/2024,12/11/2024,,,
600205053,12/3/2024,,,,
602955359,12/5/2024,12/9/2024,12/10/2024,12/16/2024,
603855397,12/7/2024,12/9/2024,,,
704755430,12/2/2024,12/7/2024,,,
605655473,12/6/2024,12/16/2024,,,
706555510,12/4/2024,,,,
707455548,12/3/2024,12/11/2024,,,
608355586,12/2/2024,,,,
609255624,12/1/2024,,,,
700506060,12/3/2024,,,,
700105569,12/3/2024,12/12/2024,,,
700195573,12/1/2024,,,,
700285577,12/6/2024,,,,
600375581,12/1/2024,12/4/2024,,,
700465585,12/4/2024,,,,
600555588,12/1/2024,,,,
600645592,12/1/2024,12/11/2024,,,
600735596,12/5/2024,12/9/2024,,,
602050600,12/5/2024,12/14/2024,,,
600915603,12/3/2024,12/13/2024,12/14/2024,12/19/2024,
701005607,12/7/2024,12/8/2024,12/9/2024,12/18/2024,12/22/2024
601095611,12/2/2024,,,,
601185615,12/4/2024,12/7/2024,12/8/2024,12/12/2024,
701275619,12/1/2024,12/17/2024,12/18/2024,12/19/2024,12/20/2024
701365622,12/3/2024,12/7/2024,,,
601455626,12/3/2024,,,,
701545630,12/3/2024,12/11/2024,,,
601635634,12/3/2024,,,,
701725637,12/1/2024,12/5/2024,,,
701815641,12/6/2024,,,,
701905645,12/7/2024,12/10/2024,12/11/2024,12/18/2024,12/19/2024
701995649,12/1/2024,12/13/2024,12/14/2024,12/16/2024,
602085653,12/2/2024,,,,
702175656,12/5/2024,12/8/2024,12/9/2024,12/15/2024,12/16/2024
602265660,12/4/2024,12/14/2024,,,
702355664,12/3/2024,12/5/2024,12/6/2024,12/13/2024,12/18/2024
602445668,12/3/2024,,,,
702535671,12/1/2024,,,,
702625675,12/1/2024,,,,
602715679,12/4/2024,,,,
702805683,12/3/2024,,,,
602895687,12/2/2024,12/12/2024,12/13/2024,,
702985690,12/1/2024,,,,
703075694,12/5/2024,,,,
703165698,12/1/2024,12/13/2024,,,
603255702,12/3/2024,,,,
703345705,12/4/2024,,,,
703435709,12/6/2024,12/8/2024,12/9/2024,12/16/2024,12/20/2024
603525713,12/5/2024,12/11/2024,12/12/2024,12/14/2024,
603615717,12/5/2024,,,,
703705721,12/3/2024,12/20/2024,12/21/2024,12/23/2024,12/26/2024
703795724,12/3/2024,,,,
603885728,12/4/2024,,,,
703975732,12/4/2024,12/11/2024,,,
604065736,12/2/2024,12/9/2024,12/10/2024,12/17/2024,12/19/2024
704155739,12/3/2024,12/15/2024,12/16/2024,12/18/2024,12/19/2024
704245743,12/1/2024,,,,
704335747,12/7/2024,,,,
704425751,12/5/2024,,,,
704515755,12/3/2024,12/13/2024,12/14/2024,12/20/2024,
604605758,12/1/2024,12/10/2024,,,
604695762,12/7/2024,12/9/2024,12/10/2024,12/20/2024,12/24/2024
604785766,12/1/2024,12/17/2024,,,
604875770,12/4/2024,,,,
704965773,12/7/2024,,,,
705055777,12/3/2024,12/4/2024,12/5/2024,9/12/2024,12/15/2024
705145781,12/3/2024,,,,
705235785,12/2/2024,12/13/2024,12/14/2024,12/20/2024,12/24/2024
705325789,12/3/2024,12/12/2024,12/13/2024,12/16/2024,12/17/2024
605415792,12/3/2024,,,,
705505796,12/6/2024,,,,
605595800,12/5/2024,,,,
705685804,12/3/2024,,,,
705775807,12/6/2024,,,,
705865811,12/2/2024,12/5/2024,,,
705955815,12/3/2024,12/10/2024,,,
706045819,12/1/2024,12/9/2024,12/10/2024,12/21/2024,12/26/2024
606135823,12/5/2024,,,,
606225826,12/3/2024,,,,
706315830,12/2/2024,12/17/2024,12/18/2024,,
606405834,12/2/2024,,,,
606495838,12/1/2024,12/13/2024,12/14/2024,12/21/2024,12/23/2024
606585841,12/2/2024,12/19/2024,12/20/2024,12/22/2024,12/24/2024
706675845,12/1/2024,,,,
606765849,12/1/2024,,,,
606855853,12/1/2024,,,,
706945857,12/4/2024,,,,
607035860,12/7/2024,,,,
707125864,12/1/2024,12/9/2024,,,
607215868,12/3/2024,,,,
607305872,12/3/2024,,,,
607395875,12/6/2024,12/7/2024,12/8/2024,,
707485879,12/2/2024,12/10/2024,12/11/2024,12/16/2024,
607575883,12/2/2024,12/3/2024,,,
707665887,12/6/2024,12/14/2024,12/15/2024,12/17/2024,
607755891,12/6/2024,,,,
607845894,12/1/2024,,,,
607935898,12/3/2024,,,,
608025902,12/6/2024,,,,
708115906,12/4/2024,12/5/2024,12/6/2024,8/12/2024,12/10/2024
708205909,12/4/2024,12/7/2024,,,
708295913,12/6/2024,12/8/2024,12/9/2024,12/13/2024,12/20/2024
708385917,12/6/2024,,,,
708475921,12/1/2024,,,,
708565925,12/5/2024,,,,
708655928,12/3/2024,,,,
708745932,12/1/2024,12/7/2024,12/8/2024,8/12/2024,12/10/2024
708835936,12/2/2024,12/9/2024,12/10/2024,12/13/2024,12/15/2024
608925940,12/1/2024,12/13/2024,12/14/2024,12/20/2024,12/21/2024
709015943,12/3/2024,,,,
609105947,12/1/2024,,,,
709195951,12/3/2024,,,,
609285955,12/2/2024,12/19/2024,12/20/2024,12/20/2024,12/23/2024
709375959,12/1/2024,,,,
609465962,12/1/2024,,,,
709555966,12/1/2024,12/9/2024,12/10/2024,12/14/2024,12/19/2024
609645970,12/3/2024,,,,
609735974,12/3/2024,,,,
709825977,12/7/2024,,,,
709915981,12/5/2024,,,,
700005985,12/7/2024,12/12/2024,,,
700095989,12/3/2024,12/16/2024,12/17/2024,12/17/2024,12/18/2024
600185993,12/5/2024,12/13/2024,12/14/2024,12/15/2024,12/19/2024
600275996,12/2/2024,12/5/2024,12/6/2024,12/14/2024,12/18/2024
700366000,12/5/2024,,,,
700456004,12/1/2024,12/10/2024,12/11/2024,12/16/2024,12/18/2024
600546008,12/7/2024,,,,
700636011,12/7/2024,,,,
600726015,12/4/2024,12/11/2024,12/12/2024,12/16/2024,12/17/2024
700816019,12/3/2024,12/8/2024,12/9/2024,12/12/2024,12/14/2024
600906023,12/5/2024,,,,
700996027,12/2/2024,,,,
701086030,12/3/2024,,,,
601176034,12/1/2024,12/18/2024,,,
701266038,12/1/2024,,,,
701356042,12/5/2024,,,,
701446045,12/5/2024,12/14/2024,12/15/2024,12/20/2024,12/25/2024
701536049,12/1/2024,,,,
701626053,12/4/2024,,,,
601716057,12/2/2024,,,,
701806061,12/7/2024,12/9/2024,,,
701896064,12/2/2024,,,,
701986068,12/2/2024,,,,
702076072,12/4/2024,12/11/2024,,,
602166076,12/7/2024,,,,
702256079,12/6/2024,12/7/2024,12/8/2024,12/20/2024,
602346083,12/2/2024,12/6/2024,,,
602436087,12/6/2024,12/15/2024,12/16/2024,12/21/2024,
702526091,12/5/2024,12/10/2024,12/11/2024,12/17/2024,
702616095,12/1/2024,,,,
602706098,12/2/2024,12/10/2024,12/11/2024,12/24/2024,12/29/2024
602796102,12/3/2024,12/12/2024,12/13/2024,12/15/2024,12/20/2024
702886106,12/7/2024,,,,
702976110,12/4/2024,,,,
603066113,12/2/2024,12/16/2024,12/17/2024,12/22/2024,12/24/2024
603156117,12/2/2024,12/13/2024,12/14/2024,12/20/2024,12/21/2024
703246121,12/7/2024,12/16/2024,12/17/2024,12/19/2024,
703336125,12/3/2024,,,,
603426129,12/2/2024,12/5/2024,,,
603516132,12/2/2024,,,,
603606136,12/2/2024,12/4/2024,12/5/2024,8/12/2024,12/9/2024
703696140,12/3/2024,,,,
603786144,12/2/2024,,,,
703876147,12/6/2024,,,,
603966151,12/5/2024,12/13/2024,,,
704056155,12/7/2024,,,,
604146159,12/5/2024,12/10/2024,12/11/2024,12/15/2024,12/21/2024
604236163,12/3/2024,,,,
604326166,12/7/2024,,,,
704416170,12/1/2024,12/8/2024,,,
604506174,12/6/2024,12/9/2024,,,
604596178,12/5/2024,,,,
604686181,12/3/2024,,,,
704776185,12/7/2024,,,,
604866189,12/2/2024,,,,
604956193,12/7/2024,,,,
605046197,12/2/2024,,,,
605136200,12/7/2024,12/14/2024,12/15/2024,12/16/2024,
605226204,12/3/2024,,,,
705316208,12/3/2024,,,,
605406212,12/2/2024,12/12/2024,12/13/2024,12/15/2024,12/18/2024
605496215,12/2/2024,,,,
605586219,12/4/2024,12/5/2024,12/6/2024,12/14/2024,12/17/2024
605676223,12/1/2024,,,,
605766227,12/3/2024,12/10/2024,12/11/2024,12/18/2024,12/19/2024
705856231,12/2/2024,12/10/2024,12/11/2024,12/24/2024,
605946234,12/6/2024,,,,
706036238,12/2/2024,12/11/2024,12/12/2024,12/17/2024,
706126242,12/3/2024,,,,
706216246,12/6/2024,12/11/2024,12/12/2024,12/16/2024,
706306249,12/2/2024,12/10/2024,,,
706396253,12/2/2024,12/17/2024,12/18/2024,12/20/2024,12/21/2024
606486257,12/2/2024,12/10/2024,12/11/2024,12/18/2024,
606576261,12/2/2024,12/13/2024,,,
606666265,12/1/2024,12/10/2024,,,
706756268,12/2/2024,12/7/2024,,,
706846272,12/5/2024,12/12/2024,12/13/2024,12/15/2024,12/16/2024
606936276,12/6/2024,,,,
607026280,12/5/2024,,,,
607116283,12/2/2024,12/11/2024,,,
707206287,12/3/2024,,,,
707296291,12/6/2024,,,,
707386295,12/1/2024,,,,
707476299,12/5/2024,,,,
707566302,12/2/2024,,,,
607656306,12/3/2024,,,,
707746310,12/5/2024,12/11/2024,12/12/2024,12/16/2024,
607836314,12/3/2024,12/14/2024,,,
607926317,12/7/2024,,,,
708016321,12/7/2024,,,,
608106325,12/4/2024,12/8/2024,,,
708196329,12/4/2024,12/9/2024,12/10/2024,12/12/2024,12/14/2024
608286333,12/3/2024,12/7/2024,12/8/2024,12/12/2024,12/14/2024
608376336,12/7/2024,12/14/2024,12/15/2024,12/20/2024,12/21/2024
608466340,12/2/2024,12/18/2024,,,
708556344,12/7/2024,12/16/2024,12/17/2024,12/19/2024,
608646348,12/7/2024,12/14/2024,,,
608736351,12/5/2024,12/7/2024,,,
608826355,12/2/2024,12/15/2024,12/16/2024,12/21/2024,12/27/2024
608916359,12/5/2024,,,,
709006363,12/7/2024,,,,
709096367,12/2/2024,12/4/2024,12/5/2024,12/14/2024,
609186370,12/1/2024,,,,
609276374,12/5/2024,,,,
709366378,12/6/2024,,,,
609456382,12/4/2024,12/10/2024,12/11/2024,12/17/2024,12/19/2024
709546385,12/2/2024,,,,
609636389,12/6/2024,12/8/2024,12/9/2024,12/16/2024,12/22/2024
709726393,12/6/2024,12/16/2024,12/17/2024,12/19/2024,12/23/2024
609816397,12/1/2024,,,,
609906401,12/2/2024,,,,
709996404,12/3/2024,12/13/2024,,,
600086408,12/5/2024,12/9/2024,12/10/2024,12/17/2024,12/22/2024
700176412,12/6/2024,,,,
700266416,12/2/2024,,,,
600356419,12/2/2024,,,,
700446423,12/6/2024,12/11/2024,12/12/2024,12/14/2024,
600536427,12/2/2024,12/15/2024,12/16/2024,12/23/2024,12/25/2024
600626431,12/1/2024,12/8/2024,12/9/2024,9/12/2024,
600716435,12/1/2024,,,,
700806438,12/3/2024,12/13/2024,,,
700896442,12/3/2024,,,,
600986446,12/1/2024,,,,
701076450,12/2/2024,12/11/2024,12/12/2024,12/15/2024,12/17/2024
601166453,12/1/2024,,,,
601256457,12/3/2024,,,,
601346461,12/7/2024,12/17/2024,12/18/2024,12/20/2024,12/22/2024
601436465,12/2/2024,12/4/2024,12/5/2024,12/16/2024,
701526469,12/2/2024,,,,
601616472,12/2/2024,12/19/2024,,,
701706476,12/3/2024,,,,
601796480,12/2/2024,,,,
601886484,12/6/2024,12/11/2024,12/12/2024,12/17/2024,12/19/2024
701976487,12/6/2024,,,,
602066491,12/4/2024,12/14/2024,,,
702156495,12/2/2024,12/10/2024,12/11/2024,12/16/2024,12/17/2024
702246499,12/1/2024,12/11/2024,12/12/2024,12/12/2024,12/16/2024
602336503,12/2/2024,12/5/2024,12/6/2024,6/12/2024,
702426506,12/3/2024,,,,
702516510,12/6/2024,,,,
702606514,12/2/2024,,,,
602696518,12/2/2024,,,,
602786521,12/1/2024,,,,
702876525,12/1/2024,12/11/2024,,,
702966529,12/7/2024,12/15/2024,12/16/2024,12/17/2024,12/20/2024
703056533,12/5/2024,12/13/2024,12/14/2024,12/15/2024,12/17/2024
703146537,12/2/2024,12/14/2024,12/15/2024,12/20/2024,12/21/2024
603236540,12/2/2024,,,,
603326544,12/4/2024,12/6/2024,12/7/2024,12/14/2024,
603416548,12/5/2024,12/6/2024,12/7/2024,,
603506552,12/5/2024,,,,
703596555,12/2/2024,12/11/2024,12/12/2024,12/12/2024,12/13/2024
703686559,12/7/2024,,,,
603776563,12/3/2024,,,,
603866567,12/4/2024,,,,
603956571,12/2/2024,,,,
604046574,12/5/2024,12/11/2024,12/12/2024,12/17/2024,12/18/2024
604136578,12/7/2024,12/16/2024,12/17/2024,12/19/2024,
704226582,12/1/2024,,,,
604316586,12/4/2024,12/11/2024,12/12/2024,12/13/2024,12/17/2024
604406589,12/3/2024,,,,
604496593,12/1/2024,,,,
604586597,12/2/2024,12/19/2024,12/20/2024,12/20/2024,12/26/2024
704676601,12/7/2024,,,,
604766605,12/7/2024,,,,
704856608,12/2/2024,,,,
704946612,12/1/2024,12/11/2024,,,
605036616,12/5/2024,,,,
705126620,12/3/2024,12/13/2024,12/14/2024,12/15/2024,12/16/2024
605216623,12/4/2024,,,,
605306627,12/5/2024,12/13/2024,12/14/2024,12/21/2024,
705396631,12/2/2024,,,,
705486635,12/1/2024,12/9/2024,,,
605576639,12/3/2024,12/20/2024,,,
605666642,12/1/2024,,,,
705756646,12/3/2024,,,,
705846650,12/6/2024,12/13/2024,12/14/2024,12/15/2024,12/16/2024
705936654,12/2/2024,,,,
706026657,12/5/2024,,,,
606116661,12/2/2024,,,,
606206665,12/7/2024,12/11/2024,12/12/2024,12/16/2024,12/17/2024
606296669,12/1/2024,,,,
706386673,12/2/2024,,,,
606476676,12/6/2024,,,,
606566680,12/5/2024,12/7/2024,12/8/2024,10/12/2024,
606656684,12/4/2024,12/9/2024,12/10/2024,12/15/2024,12/16/2024
706746688,12/1/2024,,,,
706836691,12/2/2024,,,,
706926695,12/1/2024,12/5/2024,12/6/2024,12/14/2024,
607016699,12/2/2024,,,,
607106703,12/2/2024,12/10/2024,12/11/2024,12/18/2024,12/20/2024
607196707,12/6/2024,,,,
707286710,12/2/2024,,,,
707376714,12/2/2024,12/18/2024,,,
707466718,12/2/2024,,,,
607556722,12/7/2024,,,,
607646725,12/1/2024,12/11/2024,12/12/2024,12/17/2024,12/19/2024
607736729,12/2/2024,,,,
607826733,12/2/2024,12/13/2024,12/14/2024,12/19/2024,12/20/2024
707916737,12/7/2024,,,,
708006741,12/5/2024,12/9/2024,,,
608096744,12/3/2024,,,,
708186748,12/1/2024,12/4/2024,12/5/2024,12/12/2024,
608276752,12/1/2024,12/10/2024,12/11/2024,12/12/2024,
608366756,12/7/2024,12/14/2024,12/15/2024,12/18/2024,
608456759,12/4/2024,,,,
608546763,12/4/2024,12/6/2024,12/7/2024,10/12/2024,12/12/2024
608636767,12/2/2024,,,,
708726771,12/5/2024,12/15/2024,12/16/2024,12/18/2024,12/20/2024
608816775,12/5/2024,12/7/2024,,,
608906778,12/5/2024,12/14/2024,,,
608996782,12/2/2024,,,,
709086786,12/4/2024,12/14/2024,,,
609176790,12/2/2024,12/4/2024,12/5/2024,12/19/2024,12/22/2024
609266793,12/6/2024,12/12/2024,,,
709356797,12/3/2024,12/6/2024,12/7/2024,9/12/2024,12/10/2024
640608010,12/3/2024,,,,
609536805,12/2/2024,,,,
709626809,12/2/2024,12/15/2024,12/16/2024,12/19/2024,12/20/2024
709716812,12/5/2024,,,,
709806816,12/3/2024,12/10/2024,12/11/2024,12/14/2024,12/15/2024
609896820,12/5/2024,,,,
609986824,12/1/2024,,,,
600076827,12/1/2024,,,,
600166831,12/2/2024,,,,
700256835,12/7/2024,12/15/2024,,,
700346839,12/6/2024,12/16/2024,,,
600436843,12/3/2024,12/17/2024,12/18/2024,12/18/2024,12/23/2024
600526846,12/4/2024,,,,
600616850,12/4/2024,12/5/2024,12/6/2024,,
700706854,12/4/2024,,,,
700796858,12/1/2024,12/12/2024,12/13/2024,12/18/2024,12/19/2024
600886861,12/3/2024,12/11/2024,,,
600976865,12/1/2024,12/17/2024,,,
601066869,12/2/2024,,,,
701156873,12/2/2024,,,,
701246877,12/2/2024,12/5/2024,12/6/2024,12/13/2024,12/17/2024
701336880,12/2/2024,12/14/2024,,,
601426884,12/5/2024,,,,
601516888,12/3/2024,12/13/2024,12/14/2024,12/21/2024,12/22/2024
701606892,12/1/2024,,,,
701696895,12/2/2024,12/19/2024,12/20/2024,12/20/2024,12/23/2024
701786899,12/6/2024,12/14/2024,,,
601876903,12/1/2024,12/14/2024,12/15/2024,12/17/2024,12/19/2024
701966907,12/1/2024,12/5/2024,,,
602056911,12/3/2024,,,,
602146914,12/3/2024,12/4/2024,12/5/2024,7/12/2024,12/8/2024
702236918,12/1/2024,12/9/2024,12/10/2024,12/16/2024,
702326922,12/6/2024,12/7/2024,12/8/2024,12/15/2024,12/20/2024
602416926,12/2/2024,12/6/2024,12/7/2024,12/14/2024,12/20/2024
602506929,12/6/2024,,,,
702596933,12/4/2024,12/7/2024,12/8/2024,12/18/2024,12/21/2024
602686937,12/2/2024,,,,
702776941,12/5/2024,12/6/2024,,,
602866945,12/3/2024,,,,
602956948,12/7/2024,12/17/2024,,,
603046952,12/2/2024,,,,
703136956,12/2/2024,,,,
603226960,12/6/2024,,,,
703316963,12/4/2024,,,,
603406967,12/2/2024,12/5/2024,12/6/2024,12/13/2024,12/17/2024
703496971,12/2/2024,,,,
703586975,12/2/2024,12/19/2024,,,
603676979,12/6/2024,,,,
703766982,12/6/2024,12/13/2024,12/14/2024,12/19/2024,12/20/2024
603856986,12/2/2024,12/11/2024,12/12/2024,12/18/2024,12/20/2024
603946990,12/5/2024,12/12/2024,,,
704036994,12/5/2024,12/13/2024,,,
604126997,12/1/2024,12/3/2024,12/4/2024,11/12/2024,12/13/2024
704217001,12/3/2024,12/5/2024,,,
604307005,12/5/2024,,,,
604397009,12/1/2024,12/2/2024,,,
704487013,12/3/2024,,,,
604577016,12/2/2024,12/10/2024,12/11/2024,12/18/2024,12/20/2024
704667020,12/3/2024,12/11/2024,,,
704757024,12/3/2024,,,,
704847028,12/2/2024,,,,
604937031,12/2/2024,,,,
605027035,12/1/2024,12/8/2024,12/9/2024,10/12/2024,12/11/2024
705117039,12/1/2024,12/16/2024,12/17/2024,12/19/2024,12/21/2024
705207043,12/3/2024,,,,
705297047,12/5/2024,12/9/2024,12/10/2024,12/14/2024,12/21/2024
605387050,12/3/2024,,,,
605477054,12/2/2024,,,,
705567058,12/3/2024,,,,
605657062,12/5/2024,,,,
705747065,12/2/2024,12/14/2024,,,
605837069,12/3/2024,12/6/2024,12/7/2024,12/13/2024,12/14/2024
705927073,12/2/2024,12/17/2024,12/18/2024,12/19/2024,12/21/2024
606017077,12/2/2024,12/18/2024,12/19/2024,,
606107081,12/7/2024,12/10/2024,12/11/2024,12/13/2024,
606197084,12/3/2024,12/10/2024,12/11/2024,12/17/2024,
606287088,12/1/2024,,,,
706030707,12/4/2024,12/7/2024,12/8/2024,12/16/2024,12/19/2024
706467096,12/1/2024,12/10/2024,,,
706557099,12/7/2024,12/8/2024,,,
606647103,12/4/2024,12/6/2024,,,
606737107,12/6/2024,12/12/2024,12/13/2024,12/15/2024,
706827111,12/7/2024,12/16/2024,,,
706917115,12/3/2024,,,,
607007118,12/4/2024,12/13/2024,12/14/2024,12/16/2024,
707097122,12/4/2024,12/5/2024,,,
707187126,12/7/2024,12/11/2024,,,
707277130,12/2/2024,,,,
707367133,12/2/2024,12/10/2024,12/11/2024,12/15/2024,12/17/2024
707457137,12/1/2024,,,,
707547141,12/2/2024,,,,
707637145,12/7/2024,12/9/2024,,,
707727149,12/3/2024,12/4/2024,12/5/2024,7/12/2024,12/9/2024
707817152,12/1/2024,,,,
707907156,12/5/2024,12/14/2024,12/15/2024,12/15/2024,
607997160,12/6/2024,,,,
608087164,12/7/2024,12/12/2024,,,
708177167,12/1/2024,12/5/2024,12/6/2024,12/16/2024,12/21/2024
608267171,12/6/2024,,,,
608357175,12/5/2024,,,,
608447179,12/2/2024,12/3/2024,12/4/2024,12/13/2024,12/18/2024
708537183,12/1/2024,12/11/2024,12/12/2024,12/12/2024,12/14/2024
708627186,12/6/2024,12/7/2024,,,
608717190,12/1/2024,12/12/2024,,,
608807194,12/6/2024,,,,
608897198,12/1/2024,12/10/2024,12/11/2024,,
608987201,12/5/2024,,,,
609077205,12/1/2024,12/9/2024,12/10/2024,11/12/2024,12/12/2024
709167209,12/4/2024,12/6/2024,,,
609257213,12/4/2024,,,,
609347217,12/6/2024,,,,
609437220,12/4/2024,12/13/2024,12/14/2024,12/18/2024,12/24/2024
609527224,12/3/2024,12/4/2024,12/5/2024,10/12/2024,12/16/2024
709617228,12/7/2024,,,,
709707232,12/3/2024,12/8/2024,12/9/2024,12/14/2024,12/21/2024
609797235,12/1/2024,12/11/2024,12/12/2024,12/19/2024,12/24/2024
609887239,12/2/2024,,,,
709977243,12/5/2024,12/8/2024,12/9/2024,12/20/2024,12/25/2024
600067247,12/3/2024,12/5/2024,12/6/2024,8/12/2024,12/9/2024
600157251,12/6/2024,,,,
600247254,12/2/2024,,,,
700337258,12/6/2024,,,,
700427262,12/6/2024,,,,
600517266,12/3/2024,12/10/2024,12/11/2024,11/12/2024,12/12/2024
600607269,12/1/2024,,,,
600697273,12/1/2024,,,,
700787277,12/6/2024,12/12/2024,,,
700877281,12/7/2024,12/8/2024,12/9/2024,12/16/2024,12/23/2024
600967285,12/6/2024,,,,
601057288,12/2/2024,12/10/2024,12/11/2024,12/24/2024,12/30/2024
601147292,12/4/2024,,,,
601237296,12/1/2024,,,,
701327300,12/5/2024,,,,
601417303,12/1/2024,12/7/2024,12/8/2024,12/15/2024,12/17/2024
701507307,12/5/2024,12/13/2024,,,
601597311,12/3/2024,,,,
601687315,12/1/2024,,,,
601777319,12/2/2024,12/15/2024,,,
701867322,12/6/2024,,,,
601957326,12/3/2024,,,,
702047330,12/3/2024,12/5/2024,12/6/2024,12/13/2024,12/14/2024
702137334,12/4/2024,,,,
602227337,12/1/2024,,,,
602317341,12/1/2024,,,,
702407345,12/5/2024,12/7/2024,,,
602497349,12/2/2024,,,,
702587353,12/1/2024,12/10/2024,12/11/2024,12/23/2024,12/29/2024
702677356,12/1/2024,12/6/2024,12/7/2024,,
702767360,12/3/2024,12/13/2024,,,
702857364,12/1/2024,12/2/2024,12/3/2024,10/12/2024,12/11/2024
702947368,12/1/2024,,,,
703037371,12/6/2024,12/12/2024,12/13/2024,12/18/2024,12/20/2024
703127375,12/2/2024,,,,
703217379,12/5/2024,12/12/2024,,,
703307383,12/4/2024,12/9/2024,12/10/2024,12/13/2024,12/15/2024
703397387,12/6/2024,,,,
703487390,12/2/2024,12/18/2024,12/19/2024,12/19/2024,12/21/2024
703577394,12/1/2024,,,,
603667398,12/7/2024,12/13/2024,12/14/2024,,
703757402,12/3/2024,,,,
603847405,12/1/2024,,,,
703937409,12/6/2024,,,,
604027413,12/7/2024,,,,
604117417,12/5/2024,12/12/2024,12/13/2024,12/18/2024,12/20/2024
704207421,12/6/2024,12/9/2024,12/10/2024,12/17/2024,12/18/2024
704297424,12/1/2024,,,,
604387428,12/1/2024,,,,
704477432,12/4/2024,,,,
704567436,12/1/2024,12/17/2024,12/18/2024,12/22/2024,
704657439,12/7/2024,12/11/2024,12/12/2024,12/17/2024,
604747443,12/1/2024,12/11/2024,12/12/2024,12/13/2024,12/16/2024
604837447,12/2/2024,12/12/2024,,,
604927451,12/2/2024,12/7/2024,12/8/2024,12/13/2024,12/19/2024
605017455,12/2/2024,12/11/2024,12/12/2024,12/15/2024,12/21/2024
605107458,12/1/2024,,,,
705197462,12/1/2024,12/4/2024,12/5/2024,8/12/2024,12/9/2024
705287466,12/1/2024,,,,
605377470,12/2/2024,12/11/2024,,,
705467473,12/1/2024,,,,
705557477,12/6/2024,,,,
705647481,12/4/2024,12/8/2024,12/9/2024,9/12/2024,
605737485,12/2/2024,12/4/2024,,,
705827489,12/3/2024,12/6/2024,12/7/2024,12/13/2024,12/16/2024
705917492,12/3/2024,,,,
706007496,12/2/2024,12/4/2024,12/5/2024,12/13/2024,12/16/2024
706097500,12/4/2024,12/10/2024,,,
706187504,12/3/2024,12/13/2024,12/14/2024,,
706277507,12/3/2024,,,,
606367511,12/2/2024,12/19/2024,,,
606457515,12/4/2024,12/13/2024,12/14/2024,12/14/2024,12/20/2024
706547519,12/1/2024,,,,
606637523,12/4/2024,,,,
606727526,12/3/2024,,,,
606817530,12/7/2024,,,,
706907534,12/6/2024,,,,
706997538,12/6/2024,,,,
707087541,12/5/2024,12/7/2024,12/8/2024,12/20/2024,12/24/2024
607177545,12/2/2024,,,,
707267549,12/5/2024,,,,
707357553,12/7/2024,,,,
707447557,12/3/2024,,,,
707537560,12/1/2024,12/11/2024,12/12/2024,12/18/2024,12/20/2024
607627564,12/5/2024,,,,
707717568,12/1/2024,12/9/2024,12/10/2024,,
607807572,12/3/2024,,,,
707897575,12/5/2024,,,,
607987579,12/1/2024,12/16/2024,,,
708077583,12/7/2024,12/17/2024,12/18/2024,12/20/2024,
708167587,12/1/2024,,,,
708257591,12/4/2024,12/11/2024,12/12/2024,12/15/2024,12/22/2024
708347594,12/1/2024,12/5/2024,12/6/2024,12/12/2024,12/13/2024
708437598,12/6/2024,12/16/2024,12/17/2024,12/17/2024,12/22/2024
608527602,12/1/2024,,,,
608617606,12/7/2024,,,,
608707609,12/3/2024,,,,
608797613,12/5/2024,,,,
608887617,12/5/2024,12/13/2024,12/14/2024,,
708977621,12/4/2024,12/11/2024,12/12/2024,12/14/2024,12/16/2024
709067625,12/2/2024,,,,
609157628,12/2/2024,,,,
709247632,12/3/2024,,,,
609337636,12/3/2024,,,,
609427640,12/1/2024,12/8/2024,12/9/2024,12/13/2024,12/15/2024
609517643,12/4/2024,12/7/2024,12/8/2024,12/12/2024,12/18/2024
709607647,12/7/2024,12/12/2024,,,
709697651,12/6/2024,12/7/2024,,,
609787655,12/6/2024,12/14/2024,12/15/2024,,
609877659,12/1/2024,12/5/2024,12/6/2024,11/12/2024,12/13/2024
709967662,12/1/2024,,,,
600057666,12/3/2024,,,,
700147670,12/2/2024,12/4/2024,12/5/2024,11/12/2024,
700237674,12/3/2024,,,,
600327677,12/3/2024,12/9/2024,,,
700417681,12/3/2024,12/17/2024,12/18/2024,12/18/2024,12/24/2024
700507685,12/2/2024,,,,
600509070,12/4/2024,,,,
600687693,12/3/2024,12/15/2024,12/16/2024,12/18/2024,12/19/2024
600777696,12/2/2024,,,,
600867700,12/4/2024,,,,
600957704,12/4/2024,,,,
701047708,12/1/2024,12/8/2024,,,
601137711,12/3/2024,12/18/2024,,,
601227715,12/5/2024,12/6/2024,12/7/2024,12/14/2024,12/18/2024
701317719,12/3/2024,12/15/2024,,,
701407723,12/6/2024,12/12/2024,12/13/2024,12/14/2024,
601497727,12/1/2024,,,,
701587730,12/1/2024,12/13/2024,12/14/2024,12/19/2024,12/24/2024
701677734,12/7/2024,,,,
701767738,12/6/2024,,,,
601857742,12/3/2024,12/18/2024,12/19/2024,12/21/2024,12/23/2024
601947745,12/5/2024,,,,
602037749,12/3/2024,12/11/2024,12/12/2024,12/14/2024,
702127753,12/7/2024,12/11/2024,12/12/2024,12/19/2024,12/24/2024
602217757,12/1/2024,,,,
602307761,12/3/2024,12/6/2024,12/7/2024,12/12/2024,12/17/2024
602397764,12/1/2024,,,,
702487768,12/2/2024,12/14/2024,12/15/2024,12/18/2024,12/20/2024
702577772,12/3/2024,,,,
602667776,12/3/2024,,,,
702757779,12/5/2024,,,,
702847783,12/7/2024,12/12/2024,12/13/2024,12/18/2024,12/20/2024
602937787,12/7/2024,12/13/2024,,,
603027791,12/7/2024,12/17/2024,,,
603117795,12/3/2024,12/18/2024,12/19/2024,12/24/2024,12/26/2024
703207798,12/6/2024,,,,
703297802,12/3/2024,,,,
603387806,12/4/2024,12/5/2024,12/6/2024,12/19/2024,12/22/2024
603477810,12/1/2024,,,,
703567813,12/1/2024,,,,
603657817,12/1/2024,12/6/2024,12/7/2024,12/12/2024,
703747821,12/2/2024,12/7/2024,12/8/2024,12/16/2024,12/21/2024
703837825,12/7/2024,,,,
703927829,12/5/2024,12/10/2024,,,
604017832,12/2/2024,12/12/2024,12/13/2024,12/16/2024,12/18/2024
604107836,12/7/2024,,,,
604197840,12/6/2024,12/11/2024,12/12/2024,12/12/2024,12/13/2024
704287844,12/6/2024,12/10/2024,,,
604377847,12/2/2024,,,,
604467851,12/6/2024,,,,
704557855,12/2/2024,12/9/2024,12/10/2024,12/15/2024,12/19/2024
604647859,12/2/2024,,,,
604737863,12/3/2024,12/11/2024,12/12/2024,12/13/2024,12/14/2024
604827866,12/2/2024,12/11/2024,12/12/2024,12/15/2024,12/22/2024
604917870,12/1/2024,12/7/2024,,,
605007874,12/5/2024,,,,
705097878,12/1/2024,12/8/2024,12/9/2024,12/14/2024,12/16/2024
605187881,12/4/2024,,,,
605277885,12/4/2024,,,,
705367889,12/2/2024,,,,
605457893,12/1/2024,12/12/2024,12/13/2024,12/20/2024,12/23/2024
605547897,12/4/2024,12/13/2024,12/14/2024,12/14/2024,12/17/2024
605637900,12/1/2024,12/17/2024,,,
705727904,12/1/2024,12/16/2024,12/17/2024,,
705817908,12/2/2024,,,,
605907912,12/1/2024,12/6/2024,12/7/2024,9/12/2024,12/11/2024
605997915,12/5/2024,,,,
606087919,12/1/2024,12/16/2024,12/17/2024,12/23/2024,12/25/2024
606177923,12/2/2024,12/3/2024,,,
606267927,12/2/2024,12/10/2024,12/11/2024,12/12/2024,12/15/2024
606357931,12/3/2024,12/11/2024,,,
706447934,12/2/2024,,,,
606537938,12/1/2024,,,,
606627942,12/7/2024,,,,
706717946,12/2/2024,12/19/2024,12/20/2024,12/22/2024,12/26/2024
706807949,12/6/2024,12/7/2024,,,
706897953,12/4/2024,12/14/2024,,,
706987957,12/6/2024,12/8/2024,12/9/2024,12/14/2024,12/16/2024
707077961,12/3/2024,,,,
607167965,12/6/2024,12/12/2024,12/13/2024,12/13/2024,12/15/2024
607257968,12/7/2024,12/10/2024,12/11/2024,12/23/2024,12/27/2024
707347972,12/1/2024,,,,
707437976,12/3/2024,,,,
607527980,12/5/2024,12/15/2024,,,
607617983,12/2/2024,12/4/2024,,,
607707987,12/1/2024,12/18/2024,12/19/2024,12/20/2024,12/24/2024
607797991,12/5/2024,,,,
607887995,12/3/2024,,,,
607977999,12/1/2024,12/2/2024,12/3/2024,12/18/2024,12/23/2024
708068002,12/3/2024,12/5/2024,,,
608158006,12/3/2024,12/10/2024,12/11/2024,,
608248010,12/4/2024,,,,
608338014,12/4/2024,,,,
608428017,12/5/2024,12/13/2024,12/14/2024,12/18/2024,12/22/2024
608518021,12/3/2024,12/18/2024,,,
708608025,12/3/2024,,,,
708698029,12/3/2024,12/10/2024,12/11/2024,,
608788033,12/3/2024,,,,
708878036,12/1/2024,,,,
708968040,12/7/2024,,,,
709058044,12/3/2024,12/19/2024,12/20/2024,,
709148048,12/3/2024,12/16/2024,12/17/2024,,
609238051,12/2/2024,,,,
609328055,12/1/2024,,,,
709418059,12/6/2024,12/11/2024,12/12/2024,12/19/2024,12/22/2024
609508063,12/1/2024,12/2/2024,12/3/2024,,
609598067,12/1/2024,,,,
709688070,12/7/2024,12/13/2024,12/14/2024,12/22/2024,12/26/2024
709778074,12/1/2024,12/9/2024,,,
609868078,12/2/2024,12/17/2024,12/18/2024,,
609958082,12/2/2024,,,,
600048085,12/6/2024,12/9/2024,,,
600138089,12/6/2024,,,,
700228093,12/5/2024,12/12/2024,12/13/2024,,
700318097,12/2/2024,,,,
700408101,12/7/2024,,,,
700498104,12/4/2024,,,,
600588108,12/1/2024,12/5/2024,12/6/2024,,
600678112,12/6/2024,,,,
600768116,12/4/2024,12/10/2024,,,
700858119,12/2/2024,,,,
600948123,12/2/2024,,,,
701038127,12/3/2024,12/11/2024,,,
701128131,12/6/2024,,,,
701218135,12/6/2024,12/13/2024,12/14/2024,12/15/2024,12/19/2024
601308138,12/1/2024,,,,
601398142,12/1/2024,12/6/2024,,,
701488146,12/4/2024,,,,
701578150,12/6/2024,,,,
601668153,12/3/2024,,,,
601758157,12/2/2024,,,,
701848161,12/6/2024,,,,
601938165,12/3/2024,12/20/2024,12/21/2024,12/23/2024,12/26/2024
702028169,12/3/2024,,,,
602118172,12/2/2024,,,,
702208176,12/7/2024,12/9/2024,12/10/2024,12/20/2024,12/24/2024
702298180,12/2/2024,,,,
702388184,12/7/2024,12/8/2024,12/9/2024,12/15/2024,12/17/2024
702478187,12/3/2024,12/13/2024,12/14/2024,12/20/2024,12/23/2024
702568191,12/2/2024,,,,
602658195,12/3/2024,,,,
602748199,12/3/2024,,,,
602838203,12/2/2024,,,,
602928206,12/2/2024,,,,
703018210,12/1/2024,,,,
603108214,12/6/2024,,,,
603198218,12/1/2024,,,,
703288221,12/7/2024,12/9/2024,,,
603378225,12/1/2024,12/16/2024,12/17/2024,12/17/2024,12/20/2024
703468229,12/7/2024,12/11/2024,12/12/2024,12/18/2024,12/22/2024
703558233,12/3/2024,12/8/2024,12/9/2024,12/18/2024,12/22/2024
703648237,12/6/2024,12/11/2024,12/12/2024,12/14/2024,12/17/2024
603738240,12/7/2024,12/11/2024,12/12/2024,12/22/2024,12/27/2024
603828244,12/3/2024,,,,
603918248,12/3/2024,,,,
704008252,12/3/2024,,,,
604098255,12/1/2024,12/17/2024,12/18/2024,12/19/2024,12/23/2024
704188259,12/3/2024,,,,
704278263,12/4/2024,12/14/2024,12/15/2024,12/19/2024,12/23/2024
704368267,12/1/2024,,,,
604458271,12/1/2024,,,,
604548274,12/1/2024,,,,
704638278,12/5/2024,12/7/2024,,,
604728282,12/3/2024,,,,
704818286,12/1/2024,,,,
604908289,12/3/2024,,,,
604998293,12/3/2024,12/13/2024,12/14/2024,12/15/2024,
705088297,12/3/2024,12/7/2024,12/8/2024,12/15/2024,12/20/2024
705178301,12/1/2024,,,,
605268305,12/5/2024,,,,
705358308,12/5/2024,12/8/2024,12/9/2024,12/19/2024,
605448312,12/7/2024,12/14/2024,,,
605538316,12/3/2024,12/4/2024,12/5/2024,8/12/2024,12/15/2024
605628320,12/3/2024,12/4/2024,12/5/2024,9/12/2024,
705718323,12/1/2024,12/13/2024,,,
605808327,12/3/2024,12/10/2024,12/11/2024,12/14/2024,12/16/2024
705898331,12/2/2024,12/12/2024,,,
705988335,12/2/2024,,,,
606078339,12/3/2024,12/15/2024,12/16/2024,12/19/2024,12/21/2024
606168342,12/3/2024,,,,
706258346,12/2/2024,12/8/2024,12/9/2024,12/14/2024,
706348350,12/3/2024,12/18/2024,12/19/2024,12/24/2024,
606438354,12/4/2024,12/10/2024,12/11/2024,12/12/2024,12/14/2024
706528357,12/1/2024,12/14/2024,12/15/2024,12/15/2024,
606618361,12/2/2024,,,,
706708365,12/1/2024,12/9/2024,12/10/2024,12/16/2024,12/17/2024
706798369,12/4/2024,12/13/2024,12/14/2024,,
606888373,12/3/2024,,,,
606978376,12/1/2024,12/2/2024,12/3/2024,4/12/2024,12/5/2024
707068380,12/3/2024,,,,
607158384,12/2/2024,12/12/2024,,,
607248388,12/4/2024,12/12/2024,12/13/2024,12/14/2024,12/17/2024
707338391,12/2/2024,,,,
607428395,12/5/2024,12/8/2024,12/9/2024,12/21/2024,
707518399,12/1/2024,12/10/2024,12/11/2024,12/13/2024,12/18/2024
607608403,12/7/2024,,,,
607698407,12/5/2024,,,,
607788410,12/2/2024,12/12/2024,12/13/2024,12/16/2024,
607878414,12/5/2024,,,,
607968418,12/3/2024,12/15/2024,12/16/2024,12/18/2024,12/19/2024
608058422,12/1/2024,12/15/2024,12/16/2024,12/16/2024,12/17/2024
708148425,12/1/2024,,,,
708238429,12/2/2024,12/6/2024,12/7/2024,11/12/2024,
608328433,12/3/2024,,,,
608418437,12/1/2024,,,,
608508441,12/3/2024,,,,
708598444,12/3/2024,,,,
608688448,12/2/2024,,,,
608778452,12/2/2024,,,,
608868456,12/7/2024,,,,
608958459,12/3/2024,,,,
709048463,12/5/2024,,,,
609138467,12/4/2024,12/12/2024,,,
609228471,12/4/2024,,,,
709318475,12/2/2024,12/9/2024,12/10/2024,12/13/2024,
709408478,12/2/2024,12/7/2024,12/8/2024,12/15/2024,12/19/2024
609498482,12/4/2024,12/7/2024,12/8/2024,12/15/2024,12/18/2024
709588483,12/5/2024,,,,
609678490,12/1/2024,,,,
709768493,12/2/2024,,,,
709858497,12/1/2024,,,,
609948501,12/6/2024,,,,
700038505,12/1/2024,,,,
700128509,12/1/2024,,,,
600218512,12/2/2024,,,,
600308516,12/6/2024,,,,
600398520,12/2/2024,12/11/2024,12/12/2024,12/17/2024,12/19/2024
600488524,12/4/2024,12/5/2024,12/6/2024,12/19/2024,12/23/2024
700578527,12/7/2024,,,,
600668531,12/2/2024,12/3/2024,12/4/2024,12/14/2024,12/19/2024
600758535,12/5/2024,12/14/2024,,,
700848539,12/7/2024,,,,
700938543,12/1/2024,,,,
701028546,12/7/2024,,,,
601118550,12/5/2024,12/9/2024,12/10/2024,12/16/2024,
701208554,12/5/2024,,,,
701298558,12/3/2024,12/7/2024,,,
701388561,12/1/2024,12/3/2024,12/4/2024,12/16/2024,12/23/2024
701478565,12/4/2024,,,,
601568569,12/1/2024,12/16/2024,12/17/2024,12/17/2024,12/21/2024
701658573,12/1/2024,12/13/2024,12/14/2024,12/16/2024,
601748577,12/6/2024,,,,
601838580,12/5/2024,,,,
601928584,12/6/2024,,,,
702018588,12/3/2024,12/18/2024,,,
702108592,12/1/2024,,,,
602198595,12/1/2024,,,,
602288599,12/7/2024,12/10/2024,12/11/2024,12/18/2024,
602378603,12/3/2024,,,,
702468607,12/4/2024,,,,
602558611,12/5/2024,,,,
702648614,12/5/2024,,,,
702738618,12/3/2024,,,,
602828622,12/4/2024,12/11/2024,12/12/2024,12/17/2024,12/19/2024
602918626,12/2/2024,12/4/2024,12/5/2024,11/12/2024,12/12/2024
703008629,12/1/2024,12/9/2024,12/10/2024,12/23/2024,
603098633,12/2/2024,12/12/2024,,,
703188637,12/3/2024,12/6/2024,12/7/2024,8/12/2024,
703278641,12/2/2024,,,,
603368645,12/2/2024,12/9/2024,,,
703458648,12/2/2024,12/13/2024,12/14/2024,12/18/2024,
603548652,12/6/2024,,,,
703638656,12/5/2024,12/6/2024,12/7/2024,12/19/2024,12/22/2024
703728660,12/3/2024,12/12/2024,12/13/2024,12/18/2024,12/23/2024
703818663,12/2/2024,,,,
703908667,12/4/2024,,,,
603998671,12/3/2024,,,,
604088675,12/5/2024,,,,
604178679,12/2/2024,12/12/2024,12/13/2024,12/15/2024,
604268682,12/1/2024,,,,
604358686,12/1/2024,,,,
604448690,12/3/2024,,,,
704538694,12/3/2024,,,,
604628697,12/3/2024,,,,
704718701,12/4/2024,,,,
604808705,12/3/2024,12/9/2024,,,
604898709,12/2/2024,,,,
704988713,12/6/2024,,,,
705078716,12/5/2024,,,,
605168720,12/2/2024,12/10/2024,12/11/2024,12/15/2024,12/16/2024
705020204,12/4/2024,12/8/2024,12/9/2024,9/12/2024,12/11/2024
605348728,12/3/2024,12/13/2024,12/14/2024,12/18/2024,12/19/2024
705438731,12/4/2024,,,,
705528735,12/4/2024,12/11/2024,12/12/2024,12/15/2024,12/17/2024
605618739,12/1/2024,,,,
705708743,12/3/2024,12/7/2024,12/8/2024,12/14/2024,12/16/2024
705798747,12/1/2024,,,,
605888750,12/5/2024,,,,
705978754,12/6/2024,,,,
706068758,12/3/2024,,,,
606158762,12/2/2024,12/13/2024,12/14/2024,12/19/2024,12/25/2024
606248765,12/4/2024,12/11/2024,,,
706338769,12/6/2024,,,,
706428773,12/1/2024,12/9/2024,12/10/2024,12/17/2024,12/19/2024
606518777,12/5/2024,12/12/2024,12/13/2024,12/17/2024,12/18/2024
706608781,12/3/2024,,,,
706698784,12/6/2024,12/16/2024,12/17/2024,12/18/2024,12/22/2024
706788788,12/1/2024,12/7/2024,12/8/2024,12/14/2024,12/16/2024
706878792,12/2/2024,,,,
706968796,12/1/2024,12/8/2024,12/9/2024,9/12/2024,12/10/2024
707058799,12/2/2024,12/15/2024,12/16/2024,,
707148803,12/3/2024,,,,
707238807,12/4/2024,,,,
707328811,12/1/2024,,,,
607418815,12/1/2024,12/2/2024,12/3/2024,,
707508818,12/3/2024,12/9/2024,12/10/2024,12/16/2024,12/18/2024
707598822,12/1/2024,12/10/2024,,,
607688826,12/4/2024,12/11/2024,12/12/2024,12/16/2024,12/18/2024
607778830,12/3/2024,,,,
607868833,12/7/2024,12/11/2024,,,
607958837,12/4/2024,,,,
608048841,12/1/2024,12/9/2024,,,
708138845,12/1/2024,,,,
708080409,12/2/2024,12/3/2024,12/4/2024,9/12/2024,12/11/2024
608318852,12/3/2024,12/5/2024,12/6/2024,12/12/2024,12/14/2024
708408856,12/3/2024,,,,
608498860,12/2/2024,12/15/2024,,,
608588864,12/3/2024,12/12/2024,12/13/2024,,
708678867,12/1/2024,12/17/2024,12/18/2024,12/24/2024,12/28/2024
708768871,12/5/2024,,,,
708858875,12/3/2024,12/11/2024,12/12/2024,12/12/2024,12/13/2024
708948879,12/5/2024,12/13/2024,12/14/2024,12/14/2024,12/16/2024
609038883,12/3/2024,12/13/2024,12/14/2024,12/15/2024,12/16/2024
709128886,12/4/2024,,,,
609218890,12/3/2024,12/20/2024,,,